,df,sum_sq,mean_sq,F,PR(>F)
C(grupo),2.0,16710.58095077619,8355.290475388096,3.602045407637929,0.027277445316418104
Residual,37033.0,85901602.32820414,2319.596098836285,,
