,df,sum_sq,mean_sq,F,PR(>F)
C(coin),11.0,46005.48565950491,4182.31687813681,1.6584826160802917,0.07615323540004935
Residual,37372.0,94243704.97119632,2521.773118141826,,
